{"products":[{"productID":"0.4260794999890969","price_for_one":33,"qty":1},{"productID":"0.6801178217644825","price_for_one":33,"qty":1},{"productID":"0.11112302145114361","price_for_one":33,"qty":1}],"total_price":99}